,Relation,Result_Argument,Arguments,Table,Caption,Segment,Document
0,Impact_factor_component_relation,"{'Impact_factor_component': ['', '']}","{'PackNumber': [['1', 'One'], 'Coating no.'], 'Component_qty_value': [['66', 'Milliliter'], 'Ethanol (ml)'], 'packnumber': ['', ''], 'packaging': ['', ''], 'component_qty_value': ['', '']}",Table 1,Table 1 . Compositions of the coating solutions applied to mushrooms and cauliflower,"['Materials and methods', 'Coating procedure']",A method for the measurement of the oxygen permeability and the development of edible films to reduce the rate of oxidative reactions in fresh foods
1,Impact_factor_component_relation,"{'Impact_factor_component': ['', '']}","{'PackNumber': [['1', 'One'], 'Coating no.'], 'Component_qty_value': [['3', 'Gram'], 'MC (g)'], 'packnumber': ['', ''], 'packaging': ['', ''], 'component_qty_value': ['', '']}",Table 1,Table 1 . Compositions of the coating solutions applied to mushrooms and cauliflower,"['Materials and methods', 'Coating procedure']",A method for the measurement of the oxygen permeability and the development of edible films to reduce the rate of oxidative reactions in fresh foods
2,Impact_factor_component_relation,"{'Impact_factor_component': ['', '']}","{'PackNumber': [['1', 'One'], 'Coating no.'], 'Component_qty_value': [['1', 'Milliliter'], 'PEG (ml)'], 'packnumber': ['', ''], 'packaging': ['', ''], 'component_qty_value': ['', '']}",Table 1,Table 1 . Compositions of the coating solutions applied to mushrooms and cauliflower,"['Materials and methods', 'Coating procedure']",A method for the measurement of the oxygen permeability and the development of edible films to reduce the rate of oxidative reactions in fresh foods
3,Impact_factor_component_relation,"{'Impact_factor_component': ['', '']}","{'PackNumber': [['2', 'One'], 'Coating no.'], 'Component_qty_value': [['66', 'Milliliter'], 'Ethanol (ml)'], 'packnumber': ['', ''], 'packaging': ['', ''], 'component_qty_value': ['', '']}",Table 1,Table 1 . Compositions of the coating solutions applied to mushrooms and cauliflower,"['Materials and methods', 'Coating procedure']",A method for the measurement of the oxygen permeability and the development of edible films to reduce the rate of oxidative reactions in fresh foods
4,Impact_factor_component_relation,"{'Impact_factor_component': ['', '']}","{'PackNumber': [['2', 'One'], 'Coating no.'], 'Component_qty_value': [['3', 'Gram'], 'MC (g)'], 'packnumber': ['', ''], 'packaging': ['', ''], 'component_qty_value': ['', '']}",Table 1,Table 1 . Compositions of the coating solutions applied to mushrooms and cauliflower,"['Materials and methods', 'Coating procedure']",A method for the measurement of the oxygen permeability and the development of edible films to reduce the rate of oxidative reactions in fresh foods
5,Impact_factor_component_relation,"{'Impact_factor_component': ['', '']}","{'PackNumber': [['2', 'One'], 'Coating no.'], 'Component_qty_value': [['1', 'Milliliter'], 'PEG (ml)'], 'packnumber': ['', ''], 'packaging': ['', ''], 'component_qty_value': ['', '']}",Table 1,Table 1 . Compositions of the coating solutions applied to mushrooms and cauliflower,"['Materials and methods', 'Coating procedure']",A method for the measurement of the oxygen permeability and the development of edible films to reduce the rate of oxidative reactions in fresh foods
6,Impact_factor_component_relation,"{'Impact_factor_component': ['', '']}","{'PackNumber': [['2', 'One'], 'Coating no.'], 'Component_qty_value': [['0.6', 'Gram'], 'SA (g)'], 'packnumber': ['', ''], 'packaging': ['', ''], 'component_qty_value': ['', '']}",Table 1,Table 1 . Compositions of the coating solutions applied to mushrooms and cauliflower,"['Materials and methods', 'Coating procedure']",A method for the measurement of the oxygen permeability and the development of edible films to reduce the rate of oxidative reactions in fresh foods
7,Impact_factor_component_relation,"{'Impact_factor_component': ['', '']}","{'PackNumber': [['3', 'One'], 'Coating no.'], 'Component_qty_value': [['66', 'Milliliter'], 'Ethanol (ml)'], 'packnumber': ['', ''], 'packaging': ['', ''], 'component_qty_value': ['', '']}",Table 1,Table 1 . Compositions of the coating solutions applied to mushrooms and cauliflower,"['Materials and methods', 'Coating procedure']",A method for the measurement of the oxygen permeability and the development of edible films to reduce the rate of oxidative reactions in fresh foods
8,Impact_factor_component_relation,"{'Impact_factor_component': ['', '']}","{'PackNumber': [['3', 'One'], 'Coating no.'], 'Component_qty_value': [['3', 'Gram'], 'MC (g)'], 'packnumber': ['', ''], 'packaging': ['', ''], 'component_qty_value': ['', '']}",Table 1,Table 1 . Compositions of the coating solutions applied to mushrooms and cauliflower,"['Materials and methods', 'Coating procedure']",A method for the measurement of the oxygen permeability and the development of edible films to reduce the rate of oxidative reactions in fresh foods
9,Impact_factor_component_relation,"{'Impact_factor_component': ['', '']}","{'PackNumber': [['3', 'One'], 'Coating no.'], 'Component_qty_value': [['1', 'Milliliter'], 'PEG (ml)'], 'packnumber': ['', ''], 'packaging': ['', ''], 'component_qty_value': ['', '']}",Table 1,Table 1 . Compositions of the coating solutions applied to mushrooms and cauliflower,"['Materials and methods', 'Coating procedure']",A method for the measurement of the oxygen permeability and the development of edible films to reduce the rate of oxidative reactions in fresh foods
10,Impact_factor_component_relation,"{'Impact_factor_component': ['', '']}","{'PackNumber': [['3', 'One'], 'Coating no.'], 'Component_qty_value': [['0.6', 'Gram'], 'SA (g)'], 'packnumber': ['', ''], 'packaging': ['', ''], 'component_qty_value': ['', '']}",Table 1,Table 1 . Compositions of the coating solutions applied to mushrooms and cauliflower,"['Materials and methods', 'Coating procedure']",A method for the measurement of the oxygen permeability and the development of edible films to reduce the rate of oxidative reactions in fresh foods
11,Impact_factor_component_relation,"{'Impact_factor_component': ['', '']}","{'PackNumber': [['3', 'One'], 'Coating no.'], 'Component_qty_value': [['0.5', 'Gram'], 'Antioxidant AA(g)'], 'packnumber': ['', ''], 'packaging': ['', ''], 'component_qty_value': ['', '']}",Table 1,Table 1 . Compositions of the coating solutions applied to mushrooms and cauliflower,"['Materials and methods', 'Coating procedure']",A method for the measurement of the oxygen permeability and the development of edible films to reduce the rate of oxidative reactions in fresh foods
12,Impact_factor_component_relation,"{'Impact_factor_component': ['', '']}","{'PackNumber': [['4', 'One'], 'Coating no.'], 'Component_qty_value': [['66', 'Milliliter'], 'Ethanol (ml)'], 'packnumber': ['', ''], 'packaging': ['', ''], 'component_qty_value': ['', '']}",Table 1,Table 1 . Compositions of the coating solutions applied to mushrooms and cauliflower,"['Materials and methods', 'Coating procedure']",A method for the measurement of the oxygen permeability and the development of edible films to reduce the rate of oxidative reactions in fresh foods
13,Impact_factor_component_relation,"{'Impact_factor_component': ['', '']}","{'PackNumber': [['4', 'One'], 'Coating no.'], 'Component_qty_value': [['3', 'Gram'], 'MC (g)'], 'packnumber': ['', ''], 'packaging': ['', ''], 'component_qty_value': ['', '']}",Table 1,Table 1 . Compositions of the coating solutions applied to mushrooms and cauliflower,"['Materials and methods', 'Coating procedure']",A method for the measurement of the oxygen permeability and the development of edible films to reduce the rate of oxidative reactions in fresh foods
14,Impact_factor_component_relation,"{'Impact_factor_component': ['', '']}","{'PackNumber': [['4', 'One'], 'Coating no.'], 'Component_qty_value': [['1', 'Milliliter'], 'PEG (ml)'], 'packnumber': ['', ''], 'packaging': ['', ''], 'component_qty_value': ['', '']}",Table 1,Table 1 . Compositions of the coating solutions applied to mushrooms and cauliflower,"['Materials and methods', 'Coating procedure']",A method for the measurement of the oxygen permeability and the development of edible films to reduce the rate of oxidative reactions in fresh foods
15,Impact_factor_component_relation,"{'Impact_factor_component': ['', '']}","{'PackNumber': [['4', 'One'], 'Coating no.'], 'Component_qty_value': [['0.6', 'Gram'], 'SA (g)'], 'packnumber': ['', ''], 'packaging': ['', ''], 'component_qty_value': ['', '']}",Table 1,Table 1 . Compositions of the coating solutions applied to mushrooms and cauliflower,"['Materials and methods', 'Coating procedure']",A method for the measurement of the oxygen permeability and the development of edible films to reduce the rate of oxidative reactions in fresh foods
16,Impact_factor_component_relation,"{'Impact_factor_component': ['', '']}","{'PackNumber': [['4', 'One'], 'Coating no.'], 'Component_qty_value': [['0.5', 'Gram'], 'Antioxidant CA(g)'], 'packnumber': ['', ''], 'packaging': ['', ''], 'component_qty_value': ['', '']}",Table 1,Table 1 . Compositions of the coating solutions applied to mushrooms and cauliflower,"['Materials and methods', 'Coating procedure']",A method for the measurement of the oxygen permeability and the development of edible films to reduce the rate of oxidative reactions in fresh foods
17,Impact_factor_component_relation,"{'Impact_factor_component': ['', '']}","{'Component_qty_value': [['0.0', 'Gram'], 'SA content g (100 g MC) −1'], 'packnumber': ['', ''], 'packaging': ['', ''], 'component_qty_value': ['', '']}",Table 2,"Table 2 . The SA content, the thickness and the OP values of edible films at 25 °C and 0% RH","['Results and discussion', 'The effect of antioxidants on the OP of edible films containing SA']",A method for the measurement of the oxygen permeability and the development of edible films to reduce the rate of oxidative reactions in fresh foods
18,O2 Permeability_Relation,"{'O2 Permeability': [['6.8±0.4 10^9', '1E9 Gram by reciprocal day by reciprocal pascal by reciprocal meter'], 'OP 10 9 g d −1 Pa −1 m −1']}","{'Thickness': [['1.86±0.00 10^5', 'Meter'], 'Thickness 10 5 m'], 'method': ['', ''], 'number_of_repetitions': ['', ''], 'temperature': ['', ''], 'relative_humidity': ['', ''], 'partial_pressure_difference': ['', ''], 'packaging': ['', ''], 'thickness': ['', ''], 'partial_pressure': ['', '']}",Table 2,"Table 2 . The SA content, the thickness and the OP values of edible films at 25 °C and 0% RH","['Results and discussion', 'The effect of antioxidants on the OP of edible films containing SA']",A method for the measurement of the oxygen permeability and the development of edible films to reduce the rate of oxidative reactions in fresh foods
19,Impact_factor_component_relation,"{'Impact_factor_component': ['', '']}","{'Component_qty_value': [['5.0', 'Gram'], 'SA content g (100 g MC) −1'], 'packnumber': ['', ''], 'packaging': ['', ''], 'component_qty_value': ['', '']}",Table 2,"Table 2 . The SA content, the thickness and the OP values of edible films at 25 °C and 0% RH","['Results and discussion', 'The effect of antioxidants on the OP of edible films containing SA']",A method for the measurement of the oxygen permeability and the development of edible films to reduce the rate of oxidative reactions in fresh foods
20,O2 Permeability_Relation,"{'O2 Permeability': [['5.2±0.2 10^9', '1E9 Gram by reciprocal day by reciprocal pascal by reciprocal meter'], 'OP 10 9 g d −1 Pa −1 m −1']}","{'Thickness': [['1.93±0.03 10^5', 'Meter'], 'Thickness 10 5 m'], 'method': ['', ''], 'number_of_repetitions': ['', ''], 'temperature': ['', ''], 'relative_humidity': ['', ''], 'partial_pressure_difference': ['', ''], 'packaging': ['', ''], 'thickness': ['', ''], 'partial_pressure': ['', '']}",Table 2,"Table 2 . The SA content, the thickness and the OP values of edible films at 25 °C and 0% RH","['Results and discussion', 'The effect of antioxidants on the OP of edible films containing SA']",A method for the measurement of the oxygen permeability and the development of edible films to reduce the rate of oxidative reactions in fresh foods
21,Impact_factor_component_relation,"{'Impact_factor_component': ['', '']}","{'Component_qty_value': [['15', 'Gram'], 'SA content g (100 g MC) −1'], 'packnumber': ['', ''], 'packaging': ['', ''], 'component_qty_value': ['', '']}",Table 2,"Table 2 . The SA content, the thickness and the OP values of edible films at 25 °C and 0% RH","['Results and discussion', 'The effect of antioxidants on the OP of edible films containing SA']",A method for the measurement of the oxygen permeability and the development of edible films to reduce the rate of oxidative reactions in fresh foods
22,O2 Permeability_Relation,"{'O2 Permeability': [['7.7±0.9 10^9', '1E9 Gram by reciprocal day by reciprocal pascal by reciprocal meter'], 'OP 10 9 g d −1 Pa −1 m −1']}","{'Thickness': [['2.10±0.01 10^5', 'Meter'], 'Thickness 10 5 m'], 'method': ['', ''], 'number_of_repetitions': ['', ''], 'temperature': ['', ''], 'relative_humidity': ['', ''], 'partial_pressure_difference': ['', ''], 'packaging': ['', ''], 'thickness': ['', ''], 'partial_pressure': ['', '']}",Table 2,"Table 2 . The SA content, the thickness and the OP values of edible films at 25 °C and 0% RH","['Results and discussion', 'The effect of antioxidants on the OP of edible films containing SA']",A method for the measurement of the oxygen permeability and the development of edible films to reduce the rate of oxidative reactions in fresh foods
23,Impact_factor_component_relation,"{'Impact_factor_component': ['', '']}","{'Component_qty_value': [['25', 'Gram'], 'SA content g (100 g MC) −1'], 'packnumber': ['', ''], 'packaging': ['', ''], 'component_qty_value': ['', '']}",Table 2,"Table 2 . The SA content, the thickness and the OP values of edible films at 25 °C and 0% RH","['Results and discussion', 'The effect of antioxidants on the OP of edible films containing SA']",A method for the measurement of the oxygen permeability and the development of edible films to reduce the rate of oxidative reactions in fresh foods
24,O2 Permeability_Relation,"{'O2 Permeability': [['8.6±0.3 10^9', '1E9 Gram by reciprocal day by reciprocal pascal by reciprocal meter'], 'OP 10 9 g d −1 Pa −1 m −1']}","{'Thickness': [['1.88±0.04 10^5', 'Meter'], 'Thickness 10 5 m'], 'method': ['', ''], 'number_of_repetitions': ['', ''], 'temperature': ['', ''], 'relative_humidity': ['', ''], 'partial_pressure_difference': ['', ''], 'packaging': ['', ''], 'thickness': ['', ''], 'partial_pressure': ['', '']}",Table 2,"Table 2 . The SA content, the thickness and the OP values of edible films at 25 °C and 0% RH","['Results and discussion', 'The effect of antioxidants on the OP of edible films containing SA']",A method for the measurement of the oxygen permeability and the development of edible films to reduce the rate of oxidative reactions in fresh foods
25,Impact_factor_component_relation,"{'Impact_factor_component': ['', '']}","{'Component_qty_value': [['40', 'Gram'], 'SA content g (100 g MC) −1'], 'packnumber': ['', ''], 'packaging': ['', ''], 'component_qty_value': ['', '']}",Table 2,"Table 2 . The SA content, the thickness and the OP values of edible films at 25 °C and 0% RH","['Results and discussion', 'The effect of antioxidants on the OP of edible films containing SA']",A method for the measurement of the oxygen permeability and the development of edible films to reduce the rate of oxidative reactions in fresh foods
26,O2 Permeability_Relation,"{'O2 Permeability': [['14±1 10^9', '1E9 Gram by reciprocal day by reciprocal pascal by reciprocal meter'], 'OP 10 9 g d −1 Pa −1 m −1']}","{'Thickness': [['2.00±0.00 10^5', 'Meter'], 'Thickness 10 5 m'], 'method': ['', ''], 'number_of_repetitions': ['', ''], 'temperature': ['', ''], 'relative_humidity': ['', ''], 'partial_pressure_difference': ['', ''], 'packaging': ['', ''], 'thickness': ['', ''], 'partial_pressure': ['', '']}",Table 2,"Table 2 . The SA content, the thickness and the OP values of edible films at 25 °C and 0% RH","['Results and discussion', 'The effect of antioxidants on the OP of edible films containing SA']",A method for the measurement of the oxygen permeability and the development of edible films to reduce the rate of oxidative reactions in fresh foods
27,Impact_factor_component_relation,"{'Impact_factor_component': [['AA', ''], 'Antioxidant']}","{'Component_qty_value': [['0.33', 'Gram'], 'Antioxidant content g (100 g MC) −1'], 'packnumber': ['', ''], 'packaging': ['', ''], 'component_qty_value': ['', '']}",Table 3,"Table 3 . The antioxidant content, the thickness and the OP values of edible films containing 20 g SA/100 g MC at 25 °C and 0% RH","['Results and discussion', 'The effect of antioxidants on the OP of edible films containing SA']",A method for the measurement of the oxygen permeability and the development of edible films to reduce the rate of oxidative reactions in fresh foods
28,O2 Permeability_Relation,"{'O2 Permeability': [['8.3±0.2 10^9', 'Gram by reciprocal meter by reciprocal day by reciprocal Pascal'], 'OP 10 9 g d −1 Pa −1 m −1']}","{'Thickness': [['1.9±0.2 10^5', 'Meter'], 'Thickness 10 5 m'], 'method': ['', ''], 'number_of_repetitions': ['', ''], 'temperature': ['', ''], 'relative_humidity': ['', ''], 'partial_pressure_difference': ['', ''], 'packaging': ['', ''], 'thickness': ['', ''], 'partial_pressure': ['', '']}",Table 3,"Table 3 . The antioxidant content, the thickness and the OP values of edible films containing 20 g SA/100 g MC at 25 °C and 0% RH","['Results and discussion', 'The effect of antioxidants on the OP of edible films containing SA']",A method for the measurement of the oxygen permeability and the development of edible films to reduce the rate of oxidative reactions in fresh foods
29,Impact_factor_component_relation,"{'Impact_factor_component': [['AA', ''], 'Antioxidant']}","{'Component_qty_value': [['1.67', 'Gram'], 'Antioxidant content g (100 g MC) −1'], 'packnumber': ['', ''], 'packaging': ['', ''], 'component_qty_value': ['', '']}",Table 3,"Table 3 . The antioxidant content, the thickness and the OP values of edible films containing 20 g SA/100 g MC at 25 °C and 0% RH","['Results and discussion', 'The effect of antioxidants on the OP of edible films containing SA']",A method for the measurement of the oxygen permeability and the development of edible films to reduce the rate of oxidative reactions in fresh foods
30,O2 Permeability_Relation,"{'O2 Permeability': [['6.5±0.1 10^9', 'Gram by reciprocal meter by reciprocal day by reciprocal Pascal'], 'OP 10 9 g d −1 Pa −1 m −1']}","{'Thickness': [['1.87±0.03 10^5', 'Meter'], 'Thickness 10 5 m'], 'method': ['', ''], 'number_of_repetitions': ['', ''], 'temperature': ['', ''], 'relative_humidity': ['', ''], 'partial_pressure_difference': ['', ''], 'packaging': ['', ''], 'thickness': ['', ''], 'partial_pressure': ['', '']}",Table 3,"Table 3 . The antioxidant content, the thickness and the OP values of edible films containing 20 g SA/100 g MC at 25 °C and 0% RH","['Results and discussion', 'The effect of antioxidants on the OP of edible films containing SA']",A method for the measurement of the oxygen permeability and the development of edible films to reduce the rate of oxidative reactions in fresh foods
31,Impact_factor_component_relation,"{'Impact_factor_component': [['AA', ''], 'Antioxidant']}","{'Component_qty_value': [['3.33', 'Gram'], 'Antioxidant content g (100 g MC) −1'], 'packnumber': ['', ''], 'packaging': ['', ''], 'component_qty_value': ['', '']}",Table 3,"Table 3 . The antioxidant content, the thickness and the OP values of edible films containing 20 g SA/100 g MC at 25 °C and 0% RH","['Results and discussion', 'The effect of antioxidants on the OP of edible films containing SA']",A method for the measurement of the oxygen permeability and the development of edible films to reduce the rate of oxidative reactions in fresh foods
32,O2 Permeability_Relation,"{'O2 Permeability': [['5.8±0.2 10^9', 'Gram by reciprocal meter by reciprocal day by reciprocal Pascal'], 'OP 10 9 g d −1 Pa −1 m −1']}","{'Thickness': [['1.8±0.0 10^5', 'Meter'], 'Thickness 10 5 m'], 'method': ['', ''], 'number_of_repetitions': ['', ''], 'temperature': ['', ''], 'relative_humidity': ['', ''], 'partial_pressure_difference': ['', ''], 'packaging': ['', ''], 'thickness': ['', ''], 'partial_pressure': ['', '']}",Table 3,"Table 3 . The antioxidant content, the thickness and the OP values of edible films containing 20 g SA/100 g MC at 25 °C and 0% RH","['Results and discussion', 'The effect of antioxidants on the OP of edible films containing SA']",A method for the measurement of the oxygen permeability and the development of edible films to reduce the rate of oxidative reactions in fresh foods
33,Impact_factor_component_relation,"{'Impact_factor_component': [['AA', ''], 'Antioxidant']}","{'Component_qty_value': [['16.67', 'Gram'], 'Antioxidant content g (100 g MC) −1'], 'packnumber': ['', ''], 'packaging': ['', ''], 'component_qty_value': ['', '']}",Table 3,"Table 3 . The antioxidant content, the thickness and the OP values of edible films containing 20 g SA/100 g MC at 25 °C and 0% RH","['Results and discussion', 'The effect of antioxidants on the OP of edible films containing SA']",A method for the measurement of the oxygen permeability and the development of edible films to reduce the rate of oxidative reactions in fresh foods
34,O2 Permeability_Relation,"{'O2 Permeability': [['4.5±0.2 10^9', 'Gram by reciprocal meter by reciprocal day by reciprocal Pascal'], 'OP 10 9 g d −1 Pa −1 m −1']}","{'Thickness': [['1.80±0.02 10^5', 'Meter'], 'Thickness 10 5 m'], 'method': ['', ''], 'number_of_repetitions': ['', ''], 'temperature': ['', ''], 'relative_humidity': ['', ''], 'partial_pressure_difference': ['', ''], 'packaging': ['', ''], 'thickness': ['', ''], 'partial_pressure': ['', '']}",Table 3,"Table 3 . The antioxidant content, the thickness and the OP values of edible films containing 20 g SA/100 g MC at 25 °C and 0% RH","['Results and discussion', 'The effect of antioxidants on the OP of edible films containing SA']",A method for the measurement of the oxygen permeability and the development of edible films to reduce the rate of oxidative reactions in fresh foods
35,Impact_factor_component_relation,"{'Impact_factor_component': [['CA', ''], 'Antioxidant']}","{'Component_qty_value': [['0.33', 'Gram'], 'Antioxidant content g (100 g MC) −1'], 'packnumber': ['', ''], 'packaging': ['', ''], 'component_qty_value': ['', '']}",Table 3,"Table 3 . The antioxidant content, the thickness and the OP values of edible films containing 20 g SA/100 g MC at 25 °C and 0% RH","['Results and discussion', 'The effect of antioxidants on the OP of edible films containing SA']",A method for the measurement of the oxygen permeability and the development of edible films to reduce the rate of oxidative reactions in fresh foods
36,O2 Permeability_Relation,"{'O2 Permeability': [['6.4±0.3 10^9', 'Gram by reciprocal meter by reciprocal day by reciprocal Pascal'], 'OP 10 9 g d −1 Pa −1 m −1']}","{'Thickness': [['1.68±0.0 10^5', 'Meter'], 'Thickness 10 5 m'], 'method': ['', ''], 'number_of_repetitions': ['', ''], 'temperature': ['', ''], 'relative_humidity': ['', ''], 'partial_pressure_difference': ['', ''], 'packaging': ['', ''], 'thickness': ['', ''], 'partial_pressure': ['', '']}",Table 3,"Table 3 . The antioxidant content, the thickness and the OP values of edible films containing 20 g SA/100 g MC at 25 °C and 0% RH","['Results and discussion', 'The effect of antioxidants on the OP of edible films containing SA']",A method for the measurement of the oxygen permeability and the development of edible films to reduce the rate of oxidative reactions in fresh foods
37,Impact_factor_component_relation,"{'Impact_factor_component': [['CA', ''], 'Antioxidant']}","{'Component_qty_value': [['1.67', 'Gram'], 'Antioxidant content g (100 g MC) −1'], 'packnumber': ['', ''], 'packaging': ['', ''], 'component_qty_value': ['', '']}",Table 3,"Table 3 . The antioxidant content, the thickness and the OP values of edible films containing 20 g SA/100 g MC at 25 °C and 0% RH","['Results and discussion', 'The effect of antioxidants on the OP of edible films containing SA']",A method for the measurement of the oxygen permeability and the development of edible films to reduce the rate of oxidative reactions in fresh foods
38,O2 Permeability_Relation,"{'O2 Permeability': [['5.39±0.03 10^9', 'Gram by reciprocal meter by reciprocal day by reciprocal Pascal'], 'OP 10 9 g d −1 Pa −1 m −1']}","{'Thickness': [['1.57±0.03 10^5', 'Meter'], 'Thickness 10 5 m'], 'method': ['', ''], 'number_of_repetitions': ['', ''], 'temperature': ['', ''], 'relative_humidity': ['', ''], 'partial_pressure_difference': ['', ''], 'packaging': ['', ''], 'thickness': ['', ''], 'partial_pressure': ['', '']}",Table 3,"Table 3 . The antioxidant content, the thickness and the OP values of edible films containing 20 g SA/100 g MC at 25 °C and 0% RH","['Results and discussion', 'The effect of antioxidants on the OP of edible films containing SA']",A method for the measurement of the oxygen permeability and the development of edible films to reduce the rate of oxidative reactions in fresh foods
39,Impact_factor_component_relation,"{'Impact_factor_component': [['CA', ''], 'Antioxidant']}","{'Component_qty_value': [['3.33', 'Gram'], 'Antioxidant content g (100 g MC) −1'], 'packnumber': ['', ''], 'packaging': ['', ''], 'component_qty_value': ['', '']}",Table 3,"Table 3 . The antioxidant content, the thickness and the OP values of edible films containing 20 g SA/100 g MC at 25 °C and 0% RH","['Results and discussion', 'The effect of antioxidants on the OP of edible films containing SA']",A method for the measurement of the oxygen permeability and the development of edible films to reduce the rate of oxidative reactions in fresh foods
40,O2 Permeability_Relation,"{'O2 Permeability': [['3.9±0.2 10^9', 'Gram by reciprocal meter by reciprocal day by reciprocal Pascal'], 'OP 10 9 g d −1 Pa −1 m −1']}","{'Thickness': [['1.49±0.01 10^5', 'Meter'], 'Thickness 10 5 m'], 'method': ['', ''], 'number_of_repetitions': ['', ''], 'temperature': ['', ''], 'relative_humidity': ['', ''], 'partial_pressure_difference': ['', ''], 'packaging': ['', ''], 'thickness': ['', ''], 'partial_pressure': ['', '']}",Table 3,"Table 3 . The antioxidant content, the thickness and the OP values of edible films containing 20 g SA/100 g MC at 25 °C and 0% RH","['Results and discussion', 'The effect of antioxidants on the OP of edible films containing SA']",A method for the measurement of the oxygen permeability and the development of edible films to reduce the rate of oxidative reactions in fresh foods
41,Impact_factor_component_relation,"{'Impact_factor_component': [['CA', ''], 'Antioxidant']}","{'Component_qty_value': [['16.67', 'Gram'], 'Antioxidant content g (100 g MC) −1'], 'packnumber': ['', ''], 'packaging': ['', ''], 'component_qty_value': ['', '']}",Table 3,"Table 3 . The antioxidant content, the thickness and the OP values of edible films containing 20 g SA/100 g MC at 25 °C and 0% RH","['Results and discussion', 'The effect of antioxidants on the OP of edible films containing SA']",A method for the measurement of the oxygen permeability and the development of edible films to reduce the rate of oxidative reactions in fresh foods
42,O2 Permeability_Relation,"{'O2 Permeability': [['4.7±0.2 10^9', 'Gram by reciprocal meter by reciprocal day by reciprocal Pascal'], 'OP 10 9 g d −1 Pa −1 m −1']}","{'Thickness': [['1.62±0.02 10^5', 'Meter'], 'Thickness 10 5 m'], 'method': ['', ''], 'number_of_repetitions': ['', ''], 'temperature': ['', ''], 'relative_humidity': ['', ''], 'partial_pressure_difference': ['', ''], 'packaging': ['', ''], 'thickness': ['', ''], 'partial_pressure': ['', '']}",Table 3,"Table 3 . The antioxidant content, the thickness and the OP values of edible films containing 20 g SA/100 g MC at 25 °C and 0% RH","['Results and discussion', 'The effect of antioxidants on the OP of edible films containing SA']",A method for the measurement of the oxygen permeability and the development of edible films to reduce the rate of oxidative reactions in fresh foods
43,O2 Permeability_Relation,"{'O2 Permeability': [['9.9', 'Cubic Centimeter By Reciprocal Square Meter By Reciprocal Day'], 'Permeability O 2 a (cc/m 2 \xa0d) 23°C – 75% RH']}","{'Packaging': [['Natureflex™ N913 (cellulose-based)', ''], 'Film'], 'Thickness': [['55', 'Micrometer'], 'Thickness a (μm)'], 'method': ['', ''], 'number_of_repetitions': ['', ''], 'temperature': ['', ''], 'relative_humidity': ['', ''], 'partial_pressure_difference': ['', ''], 'packaging': ['', ''], 'thickness': ['', ''], 'partial_pressure': ['', '']}",Table 3,Table 3 . Main characteristics multilayered biobased films.,['Main characteristics of different bioplastics'],Application of bioplastics for food packaging
44,H2O Permeability_Relation,"{'H2O Permeability': [['10.1', 'Gram By Reciprocal Square Meter By Reciprocal Day'], 'Permeability H 2 O a (g/m 2 \xa0d) 38°C – 90% RH']}","{'Packaging': [['Natureflex™ N913 (cellulose-based)', ''], 'Film'], 'Thickness': [['55', 'Micrometer'], 'Thickness a (μm)'], 'temperature': ['', ''], 'relative_humidity': ['', ''], 'thickness': ['', ''], 'packaging': ['', ''], 'partial_pressure': ['', ''], 'number_of_repetitions': ['', ''], 'method': ['', '']}",Table 3,Table 3 . Main characteristics multilayered biobased films.,['Main characteristics of different bioplastics'],Application of bioplastics for food packaging
45,O2 Permeability_Relation,"{'O2 Permeability': [['3.4', 'Cubic Centimeter By Reciprocal Square Meter By Reciprocal Day'], 'Permeability O 2 a (cc/m 2 \xa0d) 23°C – 75% RH']}","{'Packaging': [['Natureflex™ N931 (cellulose-based)', ''], 'Film'], 'method': ['', ''], 'number_of_repetitions': ['', ''], 'temperature': ['', ''], 'relative_humidity': ['', ''], 'partial_pressure_difference': ['', ''], 'packaging': ['', ''], 'thickness': ['', ''], 'partial_pressure': ['', '']}",Table 3,Table 3 . Main characteristics multilayered biobased films.,['Main characteristics of different bioplastics'],Application of bioplastics for food packaging
46,H2O Permeability_Relation,"{'H2O Permeability': [['5.0', 'Gram By Reciprocal Square Meter By Reciprocal Day'], 'Permeability H 2 O a (g/m 2 \xa0d) 38°C – 90% RH']}","{'Packaging': [['Natureflex™ N931 (cellulose-based)', ''], 'Film'], 'temperature': ['', ''], 'relative_humidity': ['', ''], 'thickness': ['', ''], 'packaging': ['', ''], 'partial_pressure': ['', ''], 'number_of_repetitions': ['', ''], 'method': ['', '']}",Table 3,Table 3 . Main characteristics multilayered biobased films.,['Main characteristics of different bioplastics'],Application of bioplastics for food packaging
47,O2 Permeability_Relation,"{'O2 Permeability': [['815.0', 'Cubic Centimeter By Reciprocal Square Meter By Reciprocal Day'], 'Permeability O 2 a (cc/m 2 \xa0d) 23°C – 75% RH']}","{'Packaging': [['Ecoflex\xa0+\xa0Ecovio/Ecovio/Ecoflex\xa0+\xa0Ecovio', ''], 'Film'], 'method': ['', ''], 'number_of_repetitions': ['', ''], 'temperature': ['', ''], 'relative_humidity': ['', ''], 'partial_pressure_difference': ['', ''], 'packaging': ['', ''], 'thickness': ['', ''], 'partial_pressure': ['', '']}",Table 3,Table 3 . Main characteristics multilayered biobased films.,['Main characteristics of different bioplastics'],Application of bioplastics for food packaging
48,H2O Permeability_Relation,"{'H2O Permeability': [['216.4', 'Gram By Reciprocal Square Meter By Reciprocal Day'], 'Permeability H 2 O a (g/m 2 \xa0d) 38°C – 90% RH']}","{'Packaging': [['Ecoflex\xa0+\xa0Ecovio/Ecovio/Ecoflex\xa0+\xa0Ecovio', ''], 'Film'], 'temperature': ['', ''], 'relative_humidity': ['', ''], 'thickness': ['', ''], 'packaging': ['', ''], 'partial_pressure': ['', ''], 'number_of_repetitions': ['', ''], 'method': ['', '']}",Table 3,Table 3 . Main characteristics multilayered biobased films.,['Main characteristics of different bioplastics'],Application of bioplastics for food packaging
49,O2 Permeability_Relation,"{'O2 Permeability': [['25.4', 'Cubic Centimeter By Reciprocal Square Meter By Reciprocal Day'], 'Permeability O 2 a (cc/m 2 \xa0d) 23°C – 75% RH']}","{'Packaging': [['Metallized PLA', ''], 'Film'], 'method': ['', ''], 'number_of_repetitions': ['', ''], 'temperature': ['', ''], 'relative_humidity': ['', ''], 'partial_pressure_difference': ['', ''], 'packaging': ['', ''], 'thickness': ['', ''], 'partial_pressure': ['', '']}",Table 3,Table 3 . Main characteristics multilayered biobased films.,['Main characteristics of different bioplastics'],Application of bioplastics for food packaging
50,H2O Permeability_Relation,"{'H2O Permeability': [['2.3', 'Gram By Reciprocal Square Meter By Reciprocal Day'], 'Permeability H 2 O a (g/m 2 \xa0d) 38°C – 90% RH']}","{'Packaging': [['Metallized PLA', ''], 'Film'], 'temperature': ['', ''], 'relative_humidity': ['', ''], 'thickness': ['', ''], 'packaging': ['', ''], 'partial_pressure': ['', ''], 'number_of_repetitions': ['', ''], 'method': ['', '']}",Table 3,Table 3 . Main characteristics multilayered biobased films.,['Main characteristics of different bioplastics'],Application of bioplastics for food packaging
51,CO2 Permeability_Relation,"{'CO2 Permeability': ['', '']}","{'Packaging': [['Cellophane™/Metal layer/PLA', ''], 'Film'], 'O2 Permeability': [['9.1', 'Cubic Centimeter By Reciprocal Square Meter By Reciprocal Day'], 'Permeability O 2 a (cc/m 2 \xa0d) 23°C – 75% RH'], 'thickness': ['', ''], 'number_of_repetitions': ['', ''], 'packaging': ['', ''], 'partial_pressure': ['', ''], 'temperature': ['', ''], 'relative_humidity': ['', ''], 'method': ['', ''], 'partial_pressure_difference': ['', '']}",Table 3,Table 3 . Main characteristics multilayered biobased films.,['Main characteristics of different bioplastics'],Application of bioplastics for food packaging
52,O2 Permeability_Relation,"{'O2 Permeability': ['', '']}","{'Packaging': [['Cellophane™/Metal layer/PLA', ''], 'Film'], 'H2O Permeability': [['9.7', 'Gram By Reciprocal Square Meter By Reciprocal Day'], 'Permeability H 2 O a (g/m 2 \xa0d) 38°C – 90% RH'], 'method': ['', ''], 'number_of_repetitions': ['', ''], 'temperature': ['', ''], 'relative_humidity': ['', ''], 'partial_pressure_difference': ['', ''], 'packaging': ['', ''], 'thickness': ['', ''], 'partial_pressure': ['', '']}",Table 3,Table 3 . Main characteristics multilayered biobased films.,['Main characteristics of different bioplastics'],Application of bioplastics for food packaging
53,O2 Permeability_Relation,"{'O2 Permeability': [['45.7', 'Cubic Centimeter By Reciprocal Square Meter By Reciprocal Day'], 'Permeability O 2 a (cc/m 2 \xa0d) 23°C – 75% RH']}","{'Packaging': [['Paper/AlOx/PLA', ''], 'Film'], 'method': ['', ''], 'number_of_repetitions': ['', ''], 'temperature': ['', ''], 'relative_humidity': ['', ''], 'partial_pressure_difference': ['', ''], 'packaging': ['', ''], 'thickness': ['', ''], 'partial_pressure': ['', '']}",Table 3,Table 3 . Main characteristics multilayered biobased films.,['Main characteristics of different bioplastics'],Application of bioplastics for food packaging
54,H2O Permeability_Relation,"{'H2O Permeability': [['6.0', 'Gram By Reciprocal Square Meter By Reciprocal Day'], 'Permeability H 2 O a (g/m 2 \xa0d) 38°C – 90% RH']}","{'Packaging': [['Paper/AlOx/PLA', ''], 'Film'], 'temperature': ['', ''], 'relative_humidity': ['', ''], 'thickness': ['', ''], 'packaging': ['', ''], 'partial_pressure': ['', ''], 'number_of_repetitions': ['', ''], 'method': ['', '']}",Table 3,Table 3 . Main characteristics multilayered biobased films.,['Main characteristics of different bioplastics'],Application of bioplastics for food packaging
55,O2 Permeability_Relation,"{'O2 Permeability': [['617.6', 'Cubic Centimeter By Reciprocal Square Meter By Reciprocal Day'], 'Permeability O 2 a (cc/m 2 \xa0d) 23°C – 75% RH']}","{'Packaging': [['Bioska 504 (multilayer PLA)', ''], 'Film'], 'method': ['', ''], 'number_of_repetitions': ['', ''], 'temperature': ['', ''], 'relative_humidity': ['', ''], 'partial_pressure_difference': ['', ''], 'packaging': ['', ''], 'thickness': ['', ''], 'partial_pressure': ['', '']}",Table 3,Table 3 . Main characteristics multilayered biobased films.,['Main characteristics of different bioplastics'],Application of bioplastics for food packaging
56,H2O Permeability_Relation,"{'H2O Permeability': [['275.1', 'Gram By Reciprocal Square Meter By Reciprocal Day'], 'Permeability H 2 O a (g/m 2 \xa0d) 38°C – 90% RH']}","{'Packaging': [['Bioska 504 (multilayer PLA)', ''], 'Film'], 'temperature': ['', ''], 'relative_humidity': ['', ''], 'thickness': ['', ''], 'packaging': ['', ''], 'partial_pressure': ['', ''], 'number_of_repetitions': ['', ''], 'method': ['', '']}",Table 3,Table 3 . Main characteristics multilayered biobased films.,['Main characteristics of different bioplastics'],Application of bioplastics for food packaging
57,O2 Permeability_Relation,"{'O2 Permeability': [['11.01', 'Cubic Centimeter By Reciprocal Square Meter By Reciprocal Day'], 'Permeability O 2 a (cc/m 2 \xa0d) 23°C – 75% RH']}","{'Packaging': [['Natureflex™/PLA', ''], 'Film'], 'method': ['', ''], 'number_of_repetitions': ['', ''], 'temperature': ['', ''], 'relative_humidity': ['', ''], 'partial_pressure_difference': ['', ''], 'packaging': ['', ''], 'thickness': ['', ''], 'partial_pressure': ['', '']}",Table 3,Table 3 . Main characteristics multilayered biobased films.,['Main characteristics of different bioplastics'],Application of bioplastics for food packaging
58,H2O Permeability_Relation,"{'H2O Permeability': [['11.3', 'Gram By Reciprocal Square Meter By Reciprocal Day'], 'Permeability H 2 O a (g/m 2 \xa0d) 38°C – 90% RH']}","{'Packaging': [['Natureflex™/PLA', ''], 'Film'], 'temperature': ['', ''], 'relative_humidity': ['', ''], 'thickness': ['', ''], 'packaging': ['', ''], 'partial_pressure': ['', ''], 'number_of_repetitions': ['', ''], 'method': ['', '']}",Table 3,Table 3 . Main characteristics multilayered biobased films.,['Main characteristics of different bioplastics'],Application of bioplastics for food packaging
59,O2 Permeability_Relation,"{'O2 Permeability': [['10.5', 'Cubic Centimeter By Reciprocal Square Meter By Reciprocal Day'], 'Permeability O 2 a (cc/m 2 \xa0d) 23°C – 75% RH']}","{'Packaging': [['Cellophane™/PLA', ''], 'Film'], 'method': ['', ''], 'number_of_repetitions': ['', ''], 'temperature': ['', ''], 'relative_humidity': ['', ''], 'partial_pressure_difference': ['', ''], 'packaging': ['', ''], 'thickness': ['', ''], 'partial_pressure': ['', '']}",Table 3,Table 3 . Main characteristics multilayered biobased films.,['Main characteristics of different bioplastics'],Application of bioplastics for food packaging
60,H2O Permeability_Relation,"{'H2O Permeability': [['13.8', 'Gram By Reciprocal Square Meter By Reciprocal Day'], 'Permeability H 2 O a (g/m 2 \xa0d) 38°C – 90% RH']}","{'Packaging': [['Cellophane™/PLA', ''], 'Film'], 'temperature': ['', ''], 'relative_humidity': ['', ''], 'thickness': ['', ''], 'packaging': ['', ''], 'partial_pressure': ['', ''], 'number_of_repetitions': ['', ''], 'method': ['', '']}",Table 3,Table 3 . Main characteristics multilayered biobased films.,['Main characteristics of different bioplastics'],Application of bioplastics for food packaging
61,O2 Permeability_Relation,"{'O2 Permeability': [['142.1', 'Cubic Centimeter By Reciprocal Square Meter By Reciprocal Day'], 'Permeability O 2 a (cc/m 2 \xa0d) 23°C – 75% RH']}","{'Packaging': [['PHB/Ecoflex', ''], 'Film'], 'method': ['', ''], 'number_of_repetitions': ['', ''], 'temperature': ['', ''], 'relative_humidity': ['', ''], 'partial_pressure_difference': ['', ''], 'packaging': ['', ''], 'thickness': ['', ''], 'partial_pressure': ['', '']}",Table 3,Table 3 . Main characteristics multilayered biobased films.,['Main characteristics of different bioplastics'],Application of bioplastics for food packaging
62,H2O Permeability_Relation,"{'H2O Permeability': [['80.6', 'Gram By Reciprocal Square Meter By Reciprocal Day'], 'Permeability H 2 O a (g/m 2 \xa0d) 38°C – 90% RH']}","{'Packaging': [['PHB/Ecoflex', ''], 'Film'], 'temperature': ['', ''], 'relative_humidity': ['', ''], 'thickness': ['', ''], 'packaging': ['', ''], 'partial_pressure': ['', ''], 'number_of_repetitions': ['', ''], 'method': ['', '']}",Table 3,Table 3 . Main characteristics multilayered biobased films.,['Main characteristics of different bioplastics'],Application of bioplastics for food packaging
63,O2 Permeability_Relation,"{'O2 Permeability': [['3.7', 'Cubic Centimeter By Reciprocal Square Meter By Reciprocal Day'], 'Permeability O 2 a (cc/m 2 \xa0d) 23°C – 75% RH']}","{'Packaging': [['Xylophane A (coated on paper)', ''], 'Film'], 'method': ['', ''], 'number_of_repetitions': ['', ''], 'temperature': ['', ''], 'relative_humidity': ['', ''], 'partial_pressure_difference': ['', ''], 'packaging': ['', ''], 'thickness': ['', ''], 'partial_pressure': ['', '']}",Table 3,Table 3 . Main characteristics multilayered biobased films.,['Main characteristics of different bioplastics'],Application of bioplastics for food packaging
64,H2O Permeability_Relation,"{'H2O Permeability': [['24.3', 'Gram By Reciprocal Square Meter By Reciprocal Day'], 'Permeability H 2 O a (g/m 2 \xa0d) 38°C – 90% RH']}","{'Packaging': [['Xylophane A (coated on paper)', ''], 'Film'], 'temperature': ['', ''], 'relative_humidity': ['', ''], 'thickness': ['', ''], 'packaging': ['', ''], 'partial_pressure': ['', ''], 'number_of_repetitions': ['', ''], 'method': ['', '']}",Table 3,Table 3 . Main characteristics multilayered biobased films.,['Main characteristics of different bioplastics'],Application of bioplastics for food packaging
65,O2 Permeability_Relation,"{'O2 Permeability': [['6.0', 'Cubic Centimeter By Reciprocal Square Meter By Reciprocal Day'], 'Permeability O 2 a (cc/m 2 \xa0d) 23°C – 75% RH']}","{'Packaging': [['Xylophane B (coated on paper)', ''], 'Film'], 'method': ['', ''], 'number_of_repetitions': ['', ''], 'temperature': ['', ''], 'relative_humidity': ['', ''], 'partial_pressure_difference': ['', ''], 'packaging': ['', ''], 'thickness': ['', ''], 'partial_pressure': ['', '']}",Table 3,Table 3 . Main characteristics multilayered biobased films.,['Main characteristics of different bioplastics'],Application of bioplastics for food packaging
66,H2O Permeability_Relation,"{'H2O Permeability': [['23.9', 'Gram By Reciprocal Square Meter By Reciprocal Day'], 'Permeability H 2 O a (g/m 2 \xa0d) 38°C – 90% RH']}","{'Packaging': [['Xylophane B (coated on paper)', ''], 'Film'], 'temperature': ['', ''], 'relative_humidity': ['', ''], 'thickness': ['', ''], 'packaging': ['', ''], 'partial_pressure': ['', ''], 'number_of_repetitions': ['', ''], 'method': ['', '']}",Table 3,Table 3 . Main characteristics multilayered biobased films.,['Main characteristics of different bioplastics'],Application of bioplastics for food packaging
67,O2 Permeability_Relation,"{'O2 Permeability': [['46.8', 'Cubic Centimeter By Reciprocal Square Meter By Reciprocal Day'], 'Permeability O 2 a (cc/m 2 \xa0d) 23°C – 75% RH']}","{'Packaging': [['PLA tray', ''], 'Film'], 'method': ['', ''], 'number_of_repetitions': ['', ''], 'temperature': ['', ''], 'relative_humidity': ['', ''], 'partial_pressure_difference': ['', ''], 'packaging': ['', ''], 'thickness': ['', ''], 'partial_pressure': ['', '']}",Table 3,Table 3 . Main characteristics multilayered biobased films.,['Main characteristics of different bioplastics'],Application of bioplastics for food packaging
68,H2O Permeability_Relation,"{'H2O Permeability': [['3.8', 'Gram By Reciprocal Square Meter By Reciprocal Day'], 'Permeability H 2 O a (g/m 2 \xa0d) 38°C – 90% RH']}","{'Packaging': [['PLA tray', ''], 'Film'], 'temperature': ['', ''], 'relative_humidity': ['', ''], 'thickness': ['', ''], 'packaging': ['', ''], 'partial_pressure': ['', ''], 'number_of_repetitions': ['', ''], 'method': ['', '']}",Table 3,Table 3 . Main characteristics multilayered biobased films.,['Main characteristics of different bioplastics'],Application of bioplastics for food packaging
69,Impact_factor_component_relation,"{'Impact_factor_component': ['', '']}","{'Packaging': [['LDPE', ''], 'Film no.'], 'Component_qty_value': [['2:1', 'Weigth percent'], 'MMT (wt%)'], 'PackNumber': [['1', 'One'], 'Film no.'], 'packnumber': ['', ''], 'packaging': ['', ''], 'component_qty_value': ['', '']}",Table 2,Table 2 . Selected mechanical properties of the blown films examined in this study,"['Results and discussion', 'Mechanical properties of blown films']",Blown films of nanocomposites prepared from low density polyethylene and a sodium ionomer of poly(ethylene-co-methacrylic acid)
70,Impact_factor_component_relation,"{'Impact_factor_component': ['', '']}","{'Packaging': [['LDPE', ''], 'Film no.'], 'Component_qty_value': [['2:1', 'Weigth percent'], 'MMT (wt%)'], 'PackNumber': [['2', 'One'], 'Film no.'], 'packnumber': ['', ''], 'packaging': ['', ''], 'component_qty_value': ['', '']}",Table 2,Table 2 . Selected mechanical properties of the blown films examined in this study,"['Results and discussion', 'Mechanical properties of blown films']",Blown films of nanocomposites prepared from low density polyethylene and a sodium ionomer of poly(ethylene-co-methacrylic acid)
71,Impact_factor_component_relation,"{'Impact_factor_component': ['', '']}","{'Packaging': [['LDPE', ''], 'Film no.'], 'Component_qty_value': [['2:1', 'Weigth percent'], 'MMT (wt%)'], 'PackNumber': [['3', 'One'], 'Film no.'], 'packnumber': ['', ''], 'packaging': ['', ''], 'component_qty_value': ['', '']}",Table 2,Table 2 . Selected mechanical properties of the blown films examined in this study,"['Results and discussion', 'Mechanical properties of blown films']",Blown films of nanocomposites prepared from low density polyethylene and a sodium ionomer of poly(ethylene-co-methacrylic acid)
72,Impact_factor_component_relation,"{'Impact_factor_component': ['', '']}","{'Packaging': [['LDPE', ''], 'Film no.'], 'Component_qty_value': [['3:1', 'Weigth percent'], 'MMT (wt%)'], 'PackNumber': [['4', 'One'], 'Film no.'], 'packnumber': ['', ''], 'packaging': ['', ''], 'component_qty_value': ['', '']}",Table 2,Table 2 . Selected mechanical properties of the blown films examined in this study,"['Results and discussion', 'Mechanical properties of blown films']",Blown films of nanocomposites prepared from low density polyethylene and a sodium ionomer of poly(ethylene-co-methacrylic acid)
73,Impact_factor_component_relation,"{'Impact_factor_component': ['', '']}","{'Packaging': [['LDPE', ''], 'Film no.'], 'Component_qty_value': [['3:1', 'Weigth percent'], 'MMT (wt%)'], 'PackNumber': [['5', 'One'], 'Film no.'], 'packnumber': ['', ''], 'packaging': ['', ''], 'component_qty_value': ['', '']}",Table 2,Table 2 . Selected mechanical properties of the blown films examined in this study,"['Results and discussion', 'Mechanical properties of blown films']",Blown films of nanocomposites prepared from low density polyethylene and a sodium ionomer of poly(ethylene-co-methacrylic acid)
74,Impact_factor_component_relation,"{'Impact_factor_component': ['', '']}","{'Packaging': [['LDPE', ''], 'Film no.'], 'Component_qty_value': [['3:1', 'Weigth percent'], 'MMT (wt%)'], 'PackNumber': [['6', 'One'], 'Film no.'], 'packnumber': ['', ''], 'packaging': ['', ''], 'component_qty_value': ['', '']}",Table 2,Table 2 . Selected mechanical properties of the blown films examined in this study,"['Results and discussion', 'Mechanical properties of blown films']",Blown films of nanocomposites prepared from low density polyethylene and a sodium ionomer of poly(ethylene-co-methacrylic acid)
75,Impact_factor_component_relation,"{'Impact_factor_component': ['', '']}","{'Packaging': [['LDPE', ''], 'Film no.'], 'Component_qty_value': [['2:1', 'Weigth percent'], 'MMT (wt%)'], 'PackNumber': [['7', 'One'], 'Film no.'], 'packnumber': ['', ''], 'packaging': ['', ''], 'component_qty_value': ['', '']}",Table 2,Table 2 . Selected mechanical properties of the blown films examined in this study,"['Results and discussion', 'Mechanical properties of blown films']",Blown films of nanocomposites prepared from low density polyethylene and a sodium ionomer of poly(ethylene-co-methacrylic acid)
76,Impact_factor_component_relation,"{'Impact_factor_component': ['', '']}","{'Packaging': [['LDPE', ''], 'Film no.'], 'Component_qty_value': [['2:1', 'Weigth percent'], 'MMT (wt%)'], 'PackNumber': [['8', 'One'], 'Film no.'], 'packnumber': ['', ''], 'packaging': ['', ''], 'component_qty_value': ['', '']}",Table 2,Table 2 . Selected mechanical properties of the blown films examined in this study,"['Results and discussion', 'Mechanical properties of blown films']",Blown films of nanocomposites prepared from low density polyethylene and a sodium ionomer of poly(ethylene-co-methacrylic acid)
77,Impact_factor_component_relation,"{'Impact_factor_component': ['', '']}","{'Packaging': [['LDPE', ''], 'Film no.'], 'Component_qty_value': [['2:1', 'Weigth percent'], 'MMT (wt%)'], 'PackNumber': [['9', 'One'], 'Film no.'], 'packnumber': ['', ''], 'packaging': ['', ''], 'component_qty_value': ['', '']}",Table 2,Table 2 . Selected mechanical properties of the blown films examined in this study,"['Results and discussion', 'Mechanical properties of blown films']",Blown films of nanocomposites prepared from low density polyethylene and a sodium ionomer of poly(ethylene-co-methacrylic acid)
78,Impact_factor_component_relation,"{'Impact_factor_component': ['', '']}","{'Packaging': [['LDPE', ''], 'Film no.'], 'Component_qty_value': [['3:1', 'Weigth percent'], 'MMT (wt%)'], 'PackNumber': [['10', 'One'], 'Film no.'], 'packnumber': ['', ''], 'packaging': ['', ''], 'component_qty_value': ['', '']}",Table 2,Table 2 . Selected mechanical properties of the blown films examined in this study,"['Results and discussion', 'Mechanical properties of blown films']",Blown films of nanocomposites prepared from low density polyethylene and a sodium ionomer of poly(ethylene-co-methacrylic acid)
79,Impact_factor_component_relation,"{'Impact_factor_component': ['', '']}","{'Packaging': [['LDPE', ''], 'Film no.'], 'Component_qty_value': [['3:1', 'Weigth percent'], 'MMT (wt%)'], 'PackNumber': [['11', 'One'], 'Film no.'], 'packnumber': ['', ''], 'packaging': ['', ''], 'component_qty_value': ['', '']}",Table 2,Table 2 . Selected mechanical properties of the blown films examined in this study,"['Results and discussion', 'Mechanical properties of blown films']",Blown films of nanocomposites prepared from low density polyethylene and a sodium ionomer of poly(ethylene-co-methacrylic acid)
80,Impact_factor_component_relation,"{'Impact_factor_component': ['', '']}","{'Packaging': [['LDPE', ''], 'Film no.'], 'Component_qty_value': [['3:1', 'Weigth percent'], 'MMT (wt%)'], 'PackNumber': [['12', 'One'], 'Film no.'], 'packnumber': ['', ''], 'packaging': ['', ''], 'component_qty_value': ['', '']}",Table 2,Table 2 . Selected mechanical properties of the blown films examined in this study,"['Results and discussion', 'Mechanical properties of blown films']",Blown films of nanocomposites prepared from low density polyethylene and a sodium ionomer of poly(ethylene-co-methacrylic acid)
81,Impact_factor_component_relation,"{'Impact_factor_component': ['', '']}","{'Packaging': [['LDPE', ''], 'Film no.'], 'Component_qty_value': [['2:1', 'Weigth percent'], 'MMT (wt%)'], 'PackNumber': [['13', 'One'], 'Film no.'], 'packnumber': ['', ''], 'packaging': ['', ''], 'component_qty_value': ['', '']}",Table 2,Table 2 . Selected mechanical properties of the blown films examined in this study,"['Results and discussion', 'Mechanical properties of blown films']",Blown films of nanocomposites prepared from low density polyethylene and a sodium ionomer of poly(ethylene-co-methacrylic acid)
82,Impact_factor_component_relation,"{'Impact_factor_component': ['', '']}","{'Packaging': [['LDPE', ''], 'Film no.'], 'Component_qty_value': [['2:1', 'Weigth percent'], 'MMT (wt%)'], 'PackNumber': [['14', 'One'], 'Film no.'], 'packnumber': ['', ''], 'packaging': ['', ''], 'component_qty_value': ['', '']}",Table 2,Table 2 . Selected mechanical properties of the blown films examined in this study,"['Results and discussion', 'Mechanical properties of blown films']",Blown films of nanocomposites prepared from low density polyethylene and a sodium ionomer of poly(ethylene-co-methacrylic acid)
83,Impact_factor_component_relation,"{'Impact_factor_component': ['', '']}","{'Packaging': [['LDPE', ''], 'Film no.'], 'Component_qty_value': [['2:1', 'Weigth percent'], 'MMT (wt%)'], 'PackNumber': [['15', 'One'], 'Film no.'], 'packnumber': ['', ''], 'packaging': ['', ''], 'component_qty_value': ['', '']}",Table 2,Table 2 . Selected mechanical properties of the blown films examined in this study,"['Results and discussion', 'Mechanical properties of blown films']",Blown films of nanocomposites prepared from low density polyethylene and a sodium ionomer of poly(ethylene-co-methacrylic acid)
84,Impact_factor_component_relation,"{'Impact_factor_component': ['', '']}","{'Packaging': [['LDPE', ''], 'Film no.'], 'Component_qty_value': [['3:1', 'Weigth percent'], 'MMT (wt%)'], 'PackNumber': [['16', 'One'], 'Film no.'], 'packnumber': ['', ''], 'packaging': ['', ''], 'component_qty_value': ['', '']}",Table 2,Table 2 . Selected mechanical properties of the blown films examined in this study,"['Results and discussion', 'Mechanical properties of blown films']",Blown films of nanocomposites prepared from low density polyethylene and a sodium ionomer of poly(ethylene-co-methacrylic acid)
85,Impact_factor_component_relation,"{'Impact_factor_component': ['', '']}","{'Packaging': [['LDPE', ''], 'Film no.'], 'Component_qty_value': [['3:1', 'Weigth percent'], 'MMT (wt%)'], 'PackNumber': [['17', 'One'], 'Film no.'], 'packnumber': ['', ''], 'packaging': ['', ''], 'component_qty_value': ['', '']}",Table 2,Table 2 . Selected mechanical properties of the blown films examined in this study,"['Results and discussion', 'Mechanical properties of blown films']",Blown films of nanocomposites prepared from low density polyethylene and a sodium ionomer of poly(ethylene-co-methacrylic acid)
86,Impact_factor_component_relation,"{'Impact_factor_component': ['', '']}","{'Packaging': [['LDPE', ''], 'Film no.'], 'Component_qty_value': [['3:1', 'Weigth percent'], 'MMT (wt%)'], 'PackNumber': [['18', 'One'], 'Film no.'], 'packnumber': ['', ''], 'packaging': ['', ''], 'component_qty_value': ['', '']}",Table 2,Table 2 . Selected mechanical properties of the blown films examined in this study,"['Results and discussion', 'Mechanical properties of blown films']",Blown films of nanocomposites prepared from low density polyethylene and a sodium ionomer of poly(ethylene-co-methacrylic acid)
87,Impact_factor_component_relation,"{'Impact_factor_component': ['', '']}","{'Packaging': [['Ionomer', ''], 'Film no.'], 'Component_qty_value': [['2:1', 'Weigth percent'], 'MMT (wt%)'], 'PackNumber': [['19', 'One'], 'Film no.'], 'packnumber': ['', ''], 'packaging': ['', ''], 'component_qty_value': ['', '']}",Table 2,Table 2 . Selected mechanical properties of the blown films examined in this study,"['Results and discussion', 'Mechanical properties of blown films']",Blown films of nanocomposites prepared from low density polyethylene and a sodium ionomer of poly(ethylene-co-methacrylic acid)
88,Impact_factor_component_relation,"{'Impact_factor_component': ['', '']}","{'Component_qty_value': [['2:1', 'Weigth percent'], 'MMT (wt%)'], 'Packaging': [['Ionomer', ''], 'Film no.'], 'PackNumber': [['20', 'One'], 'Film no.'], 'packnumber': ['', ''], 'packaging': ['', ''], 'component_qty_value': ['', '']}",Table 2,Table 2 . Selected mechanical properties of the blown films examined in this study,"['Results and discussion', 'Mechanical properties of blown films']",Blown films of nanocomposites prepared from low density polyethylene and a sodium ionomer of poly(ethylene-co-methacrylic acid)
89,Impact_factor_component_relation,"{'Impact_factor_component': ['', '']}","{'Component_qty_value': [['2:1', 'Weigth percent'], 'MMT (wt%)'], 'Packaging': [['Ionomer', ''], 'Film no.'], 'PackNumber': [['21', 'One'], 'Film no.'], 'packnumber': ['', ''], 'packaging': ['', ''], 'component_qty_value': ['', '']}",Table 2,Table 2 . Selected mechanical properties of the blown films examined in this study,"['Results and discussion', 'Mechanical properties of blown films']",Blown films of nanocomposites prepared from low density polyethylene and a sodium ionomer of poly(ethylene-co-methacrylic acid)
90,Impact_factor_component_relation,"{'Impact_factor_component': ['', '']}","{'Component_qty_value': [['3:1', 'Weigth percent'], 'MMT (wt%)'], 'Packaging': [['Ionomer', ''], 'Film no.'], 'PackNumber': [['22', 'One'], 'Film no.'], 'packnumber': ['', ''], 'packaging': ['', ''], 'component_qty_value': ['', '']}",Table 2,Table 2 . Selected mechanical properties of the blown films examined in this study,"['Results and discussion', 'Mechanical properties of blown films']",Blown films of nanocomposites prepared from low density polyethylene and a sodium ionomer of poly(ethylene-co-methacrylic acid)
91,Impact_factor_component_relation,"{'Impact_factor_component': ['', '']}","{'Packaging': [['Ionomer', ''], 'Film no.'], 'Component_qty_value': [['3:1', 'Weigth percent'], 'MMT (wt%)'], 'PackNumber': [['23', 'One'], 'Film no.'], 'packnumber': ['', ''], 'packaging': ['', ''], 'component_qty_value': ['', '']}",Table 2,Table 2 . Selected mechanical properties of the blown films examined in this study,"['Results and discussion', 'Mechanical properties of blown films']",Blown films of nanocomposites prepared from low density polyethylene and a sodium ionomer of poly(ethylene-co-methacrylic acid)
92,Impact_factor_component_relation,"{'Impact_factor_component': ['', '']}","{'Component_qty_value': [['3:1', 'Weigth percent'], 'MMT (wt%)'], 'Packaging': [['Ionomer', ''], 'Film no.'], 'PackNumber': [['24', 'One'], 'Film no.'], 'packnumber': ['', ''], 'packaging': ['', ''], 'component_qty_value': ['', '']}",Table 2,Table 2 . Selected mechanical properties of the blown films examined in this study,"['Results and discussion', 'Mechanical properties of blown films']",Blown films of nanocomposites prepared from low density polyethylene and a sodium ionomer of poly(ethylene-co-methacrylic acid)
93,Impact_factor_component_relation,"{'Impact_factor_component': ['', '']}","{'Packaging': [['Ionomer', ''], 'Film no.'], 'Component_qty_value': [['2:1', 'Weigth percent'], 'MMT (wt%)'], 'PackNumber': [['25', 'One'], 'Film no.'], 'packnumber': ['', ''], 'packaging': ['', ''], 'component_qty_value': ['', '']}",Table 2,Table 2 . Selected mechanical properties of the blown films examined in this study,"['Results and discussion', 'Mechanical properties of blown films']",Blown films of nanocomposites prepared from low density polyethylene and a sodium ionomer of poly(ethylene-co-methacrylic acid)
94,Impact_factor_component_relation,"{'Impact_factor_component': ['', '']}","{'Packaging': [['Ionomer', ''], 'Film no.'], 'Component_qty_value': [['2:1', 'Weigth percent'], 'MMT (wt%)'], 'PackNumber': [['26', 'One'], 'Film no.'], 'packnumber': ['', ''], 'packaging': ['', ''], 'component_qty_value': ['', '']}",Table 2,Table 2 . Selected mechanical properties of the blown films examined in this study,"['Results and discussion', 'Mechanical properties of blown films']",Blown films of nanocomposites prepared from low density polyethylene and a sodium ionomer of poly(ethylene-co-methacrylic acid)
95,Impact_factor_component_relation,"{'Impact_factor_component': ['', '']}","{'Component_qty_value': [['2:1', 'Weigth percent'], 'MMT (wt%)'], 'Packaging': [['Ionomer', ''], 'Film no.'], 'PackNumber': [['27', 'One'], 'Film no.'], 'packnumber': ['', ''], 'packaging': ['', ''], 'component_qty_value': ['', '']}",Table 2,Table 2 . Selected mechanical properties of the blown films examined in this study,"['Results and discussion', 'Mechanical properties of blown films']",Blown films of nanocomposites prepared from low density polyethylene and a sodium ionomer of poly(ethylene-co-methacrylic acid)
96,Impact_factor_component_relation,"{'Impact_factor_component': ['', '']}","{'Packaging': [['Ionomer', ''], 'Film no.'], 'Component_qty_value': [['3:1', 'Weigth percent'], 'MMT (wt%)'], 'PackNumber': [['28', 'One'], 'Film no.'], 'packnumber': ['', ''], 'packaging': ['', ''], 'component_qty_value': ['', '']}",Table 2,Table 2 . Selected mechanical properties of the blown films examined in this study,"['Results and discussion', 'Mechanical properties of blown films']",Blown films of nanocomposites prepared from low density polyethylene and a sodium ionomer of poly(ethylene-co-methacrylic acid)
97,Impact_factor_component_relation,"{'Impact_factor_component': ['', '']}","{'Component_qty_value': [['3:1', 'Weigth percent'], 'MMT (wt%)'], 'Packaging': [['Ionomer', ''], 'Film no.'], 'PackNumber': [['29', 'One'], 'Film no.'], 'packnumber': ['', ''], 'packaging': ['', ''], 'component_qty_value': ['', '']}",Table 2,Table 2 . Selected mechanical properties of the blown films examined in this study,"['Results and discussion', 'Mechanical properties of blown films']",Blown films of nanocomposites prepared from low density polyethylene and a sodium ionomer of poly(ethylene-co-methacrylic acid)
98,Impact_factor_component_relation,"{'Impact_factor_component': ['', '']}","{'Component_qty_value': [['3:1', 'Weigth percent'], 'MMT (wt%)'], 'Packaging': [['Ionomer', ''], 'Film no.'], 'PackNumber': [['30', 'One'], 'Film no.'], 'packnumber': ['', ''], 'packaging': ['', ''], 'component_qty_value': ['', '']}",Table 2,Table 2 . Selected mechanical properties of the blown films examined in this study,"['Results and discussion', 'Mechanical properties of blown films']",Blown films of nanocomposites prepared from low density polyethylene and a sodium ionomer of poly(ethylene-co-methacrylic acid)
99,Impact_factor_component_relation,"{'Impact_factor_component': ['', '']}","{'Packaging': [['Ionomer', ''], 'Film no.'], 'Component_qty_value': [['2:1', 'Weigth percent'], 'MMT (wt%)'], 'PackNumber': [['31', 'One'], 'Film no.'], 'packnumber': ['', ''], 'packaging': ['', ''], 'component_qty_value': ['', '']}",Table 2,Table 2 . Selected mechanical properties of the blown films examined in this study,"['Results and discussion', 'Mechanical properties of blown films']",Blown films of nanocomposites prepared from low density polyethylene and a sodium ionomer of poly(ethylene-co-methacrylic acid)
100,Impact_factor_component_relation,"{'Impact_factor_component': ['', '']}","{'Component_qty_value': [['2:1', 'Weigth percent'], 'MMT (wt%)'], 'Packaging': [['Ionomer', ''], 'Film no.'], 'PackNumber': [['32', 'One'], 'Film no.'], 'packnumber': ['', ''], 'packaging': ['', ''], 'component_qty_value': ['', '']}",Table 2,Table 2 . Selected mechanical properties of the blown films examined in this study,"['Results and discussion', 'Mechanical properties of blown films']",Blown films of nanocomposites prepared from low density polyethylene and a sodium ionomer of poly(ethylene-co-methacrylic acid)
101,Impact_factor_component_relation,"{'Impact_factor_component': ['', '']}","{'Component_qty_value': [['2:1', 'Weigth percent'], 'MMT (wt%)'], 'Packaging': [['Ionomer', ''], 'Film no.'], 'PackNumber': [['33', 'One'], 'Film no.'], 'packnumber': ['', ''], 'packaging': ['', ''], 'component_qty_value': ['', '']}",Table 2,Table 2 . Selected mechanical properties of the blown films examined in this study,"['Results and discussion', 'Mechanical properties of blown films']",Blown films of nanocomposites prepared from low density polyethylene and a sodium ionomer of poly(ethylene-co-methacrylic acid)
102,Impact_factor_component_relation,"{'Impact_factor_component': ['', '']}","{'Component_qty_value': [['3:1', 'Weigth percent'], 'MMT (wt%)'], 'Packaging': [['Ionomer', ''], 'Film no.'], 'PackNumber': [['34', 'One'], 'Film no.'], 'packnumber': ['', ''], 'packaging': ['', ''], 'component_qty_value': ['', '']}",Table 2,Table 2 . Selected mechanical properties of the blown films examined in this study,"['Results and discussion', 'Mechanical properties of blown films']",Blown films of nanocomposites prepared from low density polyethylene and a sodium ionomer of poly(ethylene-co-methacrylic acid)
103,Impact_factor_component_relation,"{'Impact_factor_component': ['', '']}","{'Component_qty_value': [['3:1', 'Weigth percent'], 'MMT (wt%)'], 'Packaging': [['Ionomer', ''], 'Film no.'], 'PackNumber': [['35', 'One'], 'Film no.'], 'packnumber': ['', ''], 'packaging': ['', ''], 'component_qty_value': ['', '']}",Table 2,Table 2 . Selected mechanical properties of the blown films examined in this study,"['Results and discussion', 'Mechanical properties of blown films']",Blown films of nanocomposites prepared from low density polyethylene and a sodium ionomer of poly(ethylene-co-methacrylic acid)
104,Impact_factor_component_relation,"{'Impact_factor_component': ['', '']}","{'Component_qty_value': [['3:1', 'Weigth percent'], 'MMT (wt%)'], 'Packaging': [['Ionomer', ''], 'Film no.'], 'PackNumber': [['36', 'One'], 'Film no.'], 'packnumber': ['', ''], 'packaging': ['', ''], 'component_qty_value': ['', '']}",Table 2,Table 2 . Selected mechanical properties of the blown films examined in this study,"['Results and discussion', 'Mechanical properties of blown films']",Blown films of nanocomposites prepared from low density polyethylene and a sodium ionomer of poly(ethylene-co-methacrylic acid)
105,Impact_factor_component_relation,"{'Impact_factor_component': ['', '']}","{'Component_qty_value': [['0', 'weigth percent'], 'LDPE films MMT'], 'PackNumber': [['3', 'One'], 'Film no.'], 'packnumber': ['', ''], 'packaging': ['', ''], 'component_qty_value': ['', '']}",Table 4,Table 4 . Gas permeability data of selected blown films evaluated in this study a,"['Results and discussion', 'Barrier properties', 'Steady-state gas permeation properties']",Blown films of nanocomposites prepared from low density polyethylene and a sodium ionomer of poly(ethylene-co-methacrylic acid)
106,O2 Permeability_Relation,"{'O2 Permeability': [['9.302', 'barrer'], 'Permeability (barrer) b O2']}","{'method': ['', ''], 'number_of_repetitions': ['', ''], 'temperature': ['', ''], 'relative_humidity': ['', ''], 'partial_pressure_difference': ['', ''], 'packaging': ['', ''], 'thickness': ['', ''], 'partial_pressure': ['', '']}",Table 4,Table 4 . Gas permeability data of selected blown films evaluated in this study a,"['Results and discussion', 'Barrier properties', 'Steady-state gas permeation properties']",Blown films of nanocomposites prepared from low density polyethylene and a sodium ionomer of poly(ethylene-co-methacrylic acid)
107,CO2 Permeability_Relation,"{'CO2 Permeability': [['38.918', 'barrer'], 'Permeability (barrer) b CO2']}","{'thickness': ['', ''], 'number_of_repetitions': ['', ''], 'packaging': ['', ''], 'partial_pressure': ['', ''], 'temperature': ['', ''], 'relative_humidity': ['', ''], 'method': ['', ''], 'partial_pressure_difference': ['', '']}",Table 4,Table 4 . Gas permeability data of selected blown films evaluated in this study a,"['Results and discussion', 'Barrier properties', 'Steady-state gas permeation properties']",Blown films of nanocomposites prepared from low density polyethylene and a sodium ionomer of poly(ethylene-co-methacrylic acid)
108,Impact_factor_component_relation,"{'Impact_factor_component': ['', '']}","{'Component_qty_value': [['0', 'weigth percent'], 'Ionomer films MMT'], 'PackNumber': [['21', 'One'], 'Film no.'], 'packnumber': ['', ''], 'packaging': ['', ''], 'component_qty_value': ['', '']}",Table 4,Table 4 . Gas permeability data of selected blown films evaluated in this study a,"['Results and discussion', 'Barrier properties', 'Steady-state gas permeation properties']",Blown films of nanocomposites prepared from low density polyethylene and a sodium ionomer of poly(ethylene-co-methacrylic acid)
109,O2 Permeability_Relation,"{'O2 Permeability': [['2.967', 'barrer'], 'Permeability (barrer) b O2']}","{'method': ['', ''], 'number_of_repetitions': ['', ''], 'temperature': ['', ''], 'relative_humidity': ['', ''], 'partial_pressure_difference': ['', ''], 'packaging': ['', ''], 'thickness': ['', ''], 'partial_pressure': ['', '']}",Table 4,Table 4 . Gas permeability data of selected blown films evaluated in this study a,"['Results and discussion', 'Barrier properties', 'Steady-state gas permeation properties']",Blown films of nanocomposites prepared from low density polyethylene and a sodium ionomer of poly(ethylene-co-methacrylic acid)
110,CO2 Permeability_Relation,"{'CO2 Permeability': [['11.350', 'barrer'], 'Permeability (barrer) b CO2']}","{'thickness': ['', ''], 'number_of_repetitions': ['', ''], 'packaging': ['', ''], 'partial_pressure': ['', ''], 'temperature': ['', ''], 'relative_humidity': ['', ''], 'method': ['', ''], 'partial_pressure_difference': ['', '']}",Table 4,Table 4 . Gas permeability data of selected blown films evaluated in this study a,"['Results and discussion', 'Barrier properties', 'Steady-state gas permeation properties']",Blown films of nanocomposites prepared from low density polyethylene and a sodium ionomer of poly(ethylene-co-methacrylic acid)
111,Impact_factor_component_relation,"{'Impact_factor_component': ['', '']}","{'Component_qty_value': [['0', 'weigth percent'], 'LDPE films MMT'], 'PackNumber': [['4', 'One'], 'Film no.'], 'packnumber': ['', ''], 'packaging': ['', ''], 'component_qty_value': ['', '']}",Table 4,Table 4 . Gas permeability data of selected blown films evaluated in this study a,"['Results and discussion', 'Barrier properties', 'Steady-state gas permeation properties']",Blown films of nanocomposites prepared from low density polyethylene and a sodium ionomer of poly(ethylene-co-methacrylic acid)
112,O2 Permeability_Relation,"{'O2 Permeability': [['6.705', 'barrer'], 'Permeability (barrer) b O2']}","{'method': ['', ''], 'number_of_repetitions': ['', ''], 'temperature': ['', ''], 'relative_humidity': ['', ''], 'partial_pressure_difference': ['', ''], 'packaging': ['', ''], 'thickness': ['', ''], 'partial_pressure': ['', '']}",Table 4,Table 4 . Gas permeability data of selected blown films evaluated in this study a,"['Results and discussion', 'Barrier properties', 'Steady-state gas permeation properties']",Blown films of nanocomposites prepared from low density polyethylene and a sodium ionomer of poly(ethylene-co-methacrylic acid)
113,CO2 Permeability_Relation,"{'CO2 Permeability': [['27.515', 'barrer'], 'Permeability (barrer) b CO2']}","{'thickness': ['', ''], 'number_of_repetitions': ['', ''], 'packaging': ['', ''], 'partial_pressure': ['', ''], 'temperature': ['', ''], 'relative_humidity': ['', ''], 'method': ['', ''], 'partial_pressure_difference': ['', '']}",Table 4,Table 4 . Gas permeability data of selected blown films evaluated in this study a,"['Results and discussion', 'Barrier properties', 'Steady-state gas permeation properties']",Blown films of nanocomposites prepared from low density polyethylene and a sodium ionomer of poly(ethylene-co-methacrylic acid)
114,Impact_factor_component_relation,"{'Impact_factor_component': ['', '']}","{'Component_qty_value': [['0', 'weigth percent'], 'LDPE films MMT'], 'PackNumber': [['5', 'One'], 'Film no.'], 'packnumber': ['', ''], 'packaging': ['', ''], 'component_qty_value': ['', '']}",Table 4,Table 4 . Gas permeability data of selected blown films evaluated in this study a,"['Results and discussion', 'Barrier properties', 'Steady-state gas permeation properties']",Blown films of nanocomposites prepared from low density polyethylene and a sodium ionomer of poly(ethylene-co-methacrylic acid)
115,O2 Permeability_Relation,"{'O2 Permeability': [['27.357', 'barrer'], 'Permeability (barrer) b CO2']}","{'method': ['', ''], 'number_of_repetitions': ['', ''], 'temperature': ['', ''], 'relative_humidity': ['', ''], 'partial_pressure_difference': ['', ''], 'packaging': ['', ''], 'thickness': ['', ''], 'partial_pressure': ['', '']}",Table 4,Table 4 . Gas permeability data of selected blown films evaluated in this study a,"['Results and discussion', 'Barrier properties', 'Steady-state gas permeation properties']",Blown films of nanocomposites prepared from low density polyethylene and a sodium ionomer of poly(ethylene-co-methacrylic acid)
116,CO2 Permeability_Relation,"{'CO2 Permeability': ['', '']}","{'thickness': ['', ''], 'number_of_repetitions': ['', ''], 'packaging': ['', ''], 'partial_pressure': ['', ''], 'temperature': ['', ''], 'relative_humidity': ['', ''], 'method': ['', ''], 'partial_pressure_difference': ['', '']}",Table 4,Table 4 . Gas permeability data of selected blown films evaluated in this study a,"['Results and discussion', 'Barrier properties', 'Steady-state gas permeation properties']",Blown films of nanocomposites prepared from low density polyethylene and a sodium ionomer of poly(ethylene-co-methacrylic acid)
117,Impact_factor_component_relation,"{'Impact_factor_component': ['', '']}","{'Component_qty_value': [['0', 'weigth percent'], 'LDPE films MMT'], 'PackNumber': [['6', 'One'], 'Film no.'], 'packnumber': ['', ''], 'packaging': ['', ''], 'component_qty_value': ['', '']}",Table 4,Table 4 . Gas permeability data of selected blown films evaluated in this study a,"['Results and discussion', 'Barrier properties', 'Steady-state gas permeation properties']",Blown films of nanocomposites prepared from low density polyethylene and a sodium ionomer of poly(ethylene-co-methacrylic acid)
118,O2 Permeability_Relation,"{'O2 Permeability': [['9.553', 'barrer'], 'Permeability (barrer) b O2']}","{'method': ['', ''], 'number_of_repetitions': ['', ''], 'temperature': ['', ''], 'relative_humidity': ['', ''], 'partial_pressure_difference': ['', ''], 'packaging': ['', ''], 'thickness': ['', ''], 'partial_pressure': ['', '']}",Table 4,Table 4 . Gas permeability data of selected blown films evaluated in this study a,"['Results and discussion', 'Barrier properties', 'Steady-state gas permeation properties']",Blown films of nanocomposites prepared from low density polyethylene and a sodium ionomer of poly(ethylene-co-methacrylic acid)
119,CO2 Permeability_Relation,"{'CO2 Permeability': [['38.982', 'barrer'], 'Permeability (barrer) b CO2']}","{'thickness': ['', ''], 'number_of_repetitions': ['', ''], 'packaging': ['', ''], 'partial_pressure': ['', ''], 'temperature': ['', ''], 'relative_humidity': ['', ''], 'method': ['', ''], 'partial_pressure_difference': ['', '']}",Table 4,Table 4 . Gas permeability data of selected blown films evaluated in this study a,"['Results and discussion', 'Barrier properties', 'Steady-state gas permeation properties']",Blown films of nanocomposites prepared from low density polyethylene and a sodium ionomer of poly(ethylene-co-methacrylic acid)
120,Impact_factor_component_relation,"{'Impact_factor_component': ['', '']}","{'Component_qty_value': [['0', 'weigth percent'], 'Ionomer films MMT'], 'PackNumber': [['24', 'One'], 'Film no.'], 'packnumber': ['', ''], 'packaging': ['', ''], 'component_qty_value': ['', '']}",Table 4,Table 4 . Gas permeability data of selected blown films evaluated in this study a,"['Results and discussion', 'Barrier properties', 'Steady-state gas permeation properties']",Blown films of nanocomposites prepared from low density polyethylene and a sodium ionomer of poly(ethylene-co-methacrylic acid)
121,O2 Permeability_Relation,"{'O2 Permeability': [['2.954', 'barrer'], 'Permeability (barrer) b O2']}","{'method': ['', ''], 'number_of_repetitions': ['', ''], 'temperature': ['', ''], 'relative_humidity': ['', ''], 'partial_pressure_difference': ['', ''], 'packaging': ['', ''], 'thickness': ['', ''], 'partial_pressure': ['', '']}",Table 4,Table 4 . Gas permeability data of selected blown films evaluated in this study a,"['Results and discussion', 'Barrier properties', 'Steady-state gas permeation properties']",Blown films of nanocomposites prepared from low density polyethylene and a sodium ionomer of poly(ethylene-co-methacrylic acid)
122,CO2 Permeability_Relation,"{'CO2 Permeability': [['10.750', 'barrer'], 'Permeability (barrer) b CO2']}","{'thickness': ['', ''], 'number_of_repetitions': ['', ''], 'packaging': ['', ''], 'partial_pressure': ['', ''], 'temperature': ['', ''], 'relative_humidity': ['', ''], 'method': ['', ''], 'partial_pressure_difference': ['', '']}",Table 4,Table 4 . Gas permeability data of selected blown films evaluated in this study a,"['Results and discussion', 'Barrier properties', 'Steady-state gas permeation properties']",Blown films of nanocomposites prepared from low density polyethylene and a sodium ionomer of poly(ethylene-co-methacrylic acid)
123,Impact_factor_component_relation,"{'Impact_factor_component': ['', '']}","{'Component_qty_value': [['1', 'weigth percent'], 'LDPE films MMT'], 'PackNumber': [['12', 'One'], 'Film no.'], 'packnumber': ['', ''], 'packaging': ['', ''], 'component_qty_value': ['', '']}",Table 4,Table 4 . Gas permeability data of selected blown films evaluated in this study a,"['Results and discussion', 'Barrier properties', 'Steady-state gas permeation properties']",Blown films of nanocomposites prepared from low density polyethylene and a sodium ionomer of poly(ethylene-co-methacrylic acid)
124,O2 Permeability_Relation,"{'O2 Permeability': [['7.525 (0.788)', 'barrer'], 'Permeability (barrer) b O2']}","{'method': ['', ''], 'number_of_repetitions': ['', ''], 'temperature': ['', ''], 'relative_humidity': ['', ''], 'partial_pressure_difference': ['', ''], 'packaging': ['', ''], 'thickness': ['', ''], 'partial_pressure': ['', '']}",Table 4,Table 4 . Gas permeability data of selected blown films evaluated in this study a,"['Results and discussion', 'Barrier properties', 'Steady-state gas permeation properties']",Blown films of nanocomposites prepared from low density polyethylene and a sodium ionomer of poly(ethylene-co-methacrylic acid)
125,CO2 Permeability_Relation,"{'CO2 Permeability': [['31.684 (0.813)', 'barrer'], 'Permeability (barrer) b CO2']}","{'thickness': ['', ''], 'number_of_repetitions': ['', ''], 'packaging': ['', ''], 'partial_pressure': ['', ''], 'temperature': ['', ''], 'relative_humidity': ['', ''], 'method': ['', ''], 'partial_pressure_difference': ['', '']}",Table 4,Table 4 . Gas permeability data of selected blown films evaluated in this study a,"['Results and discussion', 'Barrier properties', 'Steady-state gas permeation properties']",Blown films of nanocomposites prepared from low density polyethylene and a sodium ionomer of poly(ethylene-co-methacrylic acid)
126,Impact_factor_component_relation,"{'Impact_factor_component': ['', '']}","{'Component_qty_value': [['1', 'weigth percent'], 'Ionomer films MMT'], 'PackNumber': [['30', 'One'], 'Film no.'], 'packnumber': ['', ''], 'packaging': ['', ''], 'component_qty_value': ['', '']}",Table 4,Table 4 . Gas permeability data of selected blown films evaluated in this study a,"['Results and discussion', 'Barrier properties', 'Steady-state gas permeation properties']",Blown films of nanocomposites prepared from low density polyethylene and a sodium ionomer of poly(ethylene-co-methacrylic acid)
127,O2 Permeability_Relation,"{'O2 Permeability': [['2.458 (0.832)', 'barrer'], 'Permeability (barrer) b O2']}","{'method': ['', ''], 'number_of_repetitions': ['', ''], 'temperature': ['', ''], 'relative_humidity': ['', ''], 'partial_pressure_difference': ['', ''], 'packaging': ['', ''], 'thickness': ['', ''], 'partial_pressure': ['', '']}",Table 4,Table 4 . Gas permeability data of selected blown films evaluated in this study a,"['Results and discussion', 'Barrier properties', 'Steady-state gas permeation properties']",Blown films of nanocomposites prepared from low density polyethylene and a sodium ionomer of poly(ethylene-co-methacrylic acid)
128,CO2 Permeability_Relation,"{'CO2 Permeability': [['9.097 (0.846)', 'barrer'], 'Permeability (barrer) b CO2']}","{'thickness': ['', ''], 'number_of_repetitions': ['', ''], 'packaging': ['', ''], 'partial_pressure': ['', ''], 'temperature': ['', ''], 'relative_humidity': ['', ''], 'method': ['', ''], 'partial_pressure_difference': ['', '']}",Table 4,Table 4 . Gas permeability data of selected blown films evaluated in this study a,"['Results and discussion', 'Barrier properties', 'Steady-state gas permeation properties']",Blown films of nanocomposites prepared from low density polyethylene and a sodium ionomer of poly(ethylene-co-methacrylic acid)
129,Impact_factor_component_relation,"{'Impact_factor_component': ['', '']}","{'Component_qty_value': [['3', 'weigth percent'], 'LDPE films MMT'], 'PackNumber': [['15', 'One'], 'Film no.'], 'packnumber': ['', ''], 'packaging': ['', ''], 'component_qty_value': ['', '']}",Table 4,Table 4 . Gas permeability data of selected blown films evaluated in this study a,"['Results and discussion', 'Barrier properties', 'Steady-state gas permeation properties']",Blown films of nanocomposites prepared from low density polyethylene and a sodium ionomer of poly(ethylene-co-methacrylic acid)
130,O2 Permeability_Relation,"{'O2 Permeability': [['6.636 (0.713)', 'barrer'], 'Permeability (barrer) b O2']}","{'method': ['', ''], 'number_of_repetitions': ['', ''], 'temperature': ['', ''], 'relative_humidity': ['', ''], 'partial_pressure_difference': ['', ''], 'packaging': ['', ''], 'thickness': ['', ''], 'partial_pressure': ['', '']}",Table 4,Table 4 . Gas permeability data of selected blown films evaluated in this study a,"['Results and discussion', 'Barrier properties', 'Steady-state gas permeation properties']",Blown films of nanocomposites prepared from low density polyethylene and a sodium ionomer of poly(ethylene-co-methacrylic acid)
131,CO2 Permeability_Relation,"{'CO2 Permeability': [['28.090 (0.722)', 'barrer'], 'Permeability (barrer) b CO2']}","{'thickness': ['', ''], 'number_of_repetitions': ['', ''], 'packaging': ['', ''], 'partial_pressure': ['', ''], 'temperature': ['', ''], 'relative_humidity': ['', ''], 'method': ['', ''], 'partial_pressure_difference': ['', '']}",Table 4,Table 4 . Gas permeability data of selected blown films evaluated in this study a,"['Results and discussion', 'Barrier properties', 'Steady-state gas permeation properties']",Blown films of nanocomposites prepared from low density polyethylene and a sodium ionomer of poly(ethylene-co-methacrylic acid)
132,Impact_factor_component_relation,"{'Impact_factor_component': ['', '']}","{'Component_qty_value': [['3', 'weigth percent'], 'Ionomer films MMT'], 'PackNumber': [['33', 'One'], 'Film no.'], 'packnumber': ['', ''], 'packaging': ['', ''], 'component_qty_value': ['', '']}",Table 4,Table 4 . Gas permeability data of selected blown films evaluated in this study a,"['Results and discussion', 'Barrier properties', 'Steady-state gas permeation properties']",Blown films of nanocomposites prepared from low density polyethylene and a sodium ionomer of poly(ethylene-co-methacrylic acid)
133,O2 Permeability_Relation,"{'O2 Permeability': [['1.881 (0.634)', 'barrer'], 'Permeability (barrer) b O2']}","{'method': ['', ''], 'number_of_repetitions': ['', ''], 'temperature': ['', ''], 'relative_humidity': ['', ''], 'partial_pressure_difference': ['', ''], 'packaging': ['', ''], 'thickness': ['', ''], 'partial_pressure': ['', '']}",Table 4,Table 4 . Gas permeability data of selected blown films evaluated in this study a,"['Results and discussion', 'Barrier properties', 'Steady-state gas permeation properties']",Blown films of nanocomposites prepared from low density polyethylene and a sodium ionomer of poly(ethylene-co-methacrylic acid)
134,CO2 Permeability_Relation,"{'CO2 Permeability': [['6.950 (0.612)', 'barrer'], 'Permeability (barrer) b CO2']}","{'thickness': ['', ''], 'number_of_repetitions': ['', ''], 'packaging': ['', ''], 'partial_pressure': ['', ''], 'temperature': ['', ''], 'relative_humidity': ['', ''], 'method': ['', ''], 'partial_pressure_difference': ['', '']}",Table 4,Table 4 . Gas permeability data of selected blown films evaluated in this study a,"['Results and discussion', 'Barrier properties', 'Steady-state gas permeation properties']",Blown films of nanocomposites prepared from low density polyethylene and a sodium ionomer of poly(ethylene-co-methacrylic acid)
135,Impact_factor_component_relation,"{'Impact_factor_component': ['', '']}","{'Component_qty_value': [['3', 'weigth percent'], 'LDPE films MMT'], 'PackNumber': [['16', 'One'], 'Film no.'], 'packnumber': ['', ''], 'packaging': ['', ''], 'component_qty_value': ['', '']}",Table 4,Table 4 . Gas permeability data of selected blown films evaluated in this study a,"['Results and discussion', 'Barrier properties', 'Steady-state gas permeation properties']",Blown films of nanocomposites prepared from low density polyethylene and a sodium ionomer of poly(ethylene-co-methacrylic acid)
136,O2 Permeability_Relation,"{'O2 Permeability': [['5.654 (0.843)', 'barrer'], 'Permeability (barrer) b O2']}","{'method': ['', ''], 'number_of_repetitions': ['', ''], 'temperature': ['', ''], 'relative_humidity': ['', ''], 'partial_pressure_difference': ['', ''], 'packaging': ['', ''], 'thickness': ['', ''], 'partial_pressure': ['', '']}",Table 4,Table 4 . Gas permeability data of selected blown films evaluated in this study a,"['Results and discussion', 'Barrier properties', 'Steady-state gas permeation properties']",Blown films of nanocomposites prepared from low density polyethylene and a sodium ionomer of poly(ethylene-co-methacrylic acid)
137,CO2 Permeability_Relation,"{'CO2 Permeability': [['23.758 (0.863)', 'barrer'], 'Permeability (barrer) b CO2']}","{'thickness': ['', ''], 'number_of_repetitions': ['', ''], 'packaging': ['', ''], 'partial_pressure': ['', ''], 'temperature': ['', ''], 'relative_humidity': ['', ''], 'method': ['', ''], 'partial_pressure_difference': ['', '']}",Table 4,Table 4 . Gas permeability data of selected blown films evaluated in this study a,"['Results and discussion', 'Barrier properties', 'Steady-state gas permeation properties']",Blown films of nanocomposites prepared from low density polyethylene and a sodium ionomer of poly(ethylene-co-methacrylic acid)
138,Impact_factor_component_relation,"{'Impact_factor_component': ['', '']}","{'Component_qty_value': [['3', 'weigth percent'], 'LDPE films MMT'], 'PackNumber': [['17', 'One'], 'Film no.'], 'packnumber': ['', ''], 'packaging': ['', ''], 'component_qty_value': ['', '']}",Table 4,Table 4 . Gas permeability data of selected blown films evaluated in this study a,"['Results and discussion', 'Barrier properties', 'Steady-state gas permeation properties']",Blown films of nanocomposites prepared from low density polyethylene and a sodium ionomer of poly(ethylene-co-methacrylic acid)
139,O2 Permeability_Relation,"{'O2 Permeability': [['5.318 (0.838)', 'barrer'], 'Permeability (barrer) b O2']}","{'method': ['', ''], 'number_of_repetitions': ['', ''], 'temperature': ['', ''], 'relative_humidity': ['', ''], 'partial_pressure_difference': ['', ''], 'packaging': ['', ''], 'thickness': ['', ''], 'partial_pressure': ['', '']}",Table 4,Table 4 . Gas permeability data of selected blown films evaluated in this study a,"['Results and discussion', 'Barrier properties', 'Steady-state gas permeation properties']",Blown films of nanocomposites prepared from low density polyethylene and a sodium ionomer of poly(ethylene-co-methacrylic acid)
140,CO2 Permeability_Relation,"{'CO2 Permeability': [['22.485 (0.822)', 'barrer'], 'Permeability (barrer) b CO2']}","{'thickness': ['', ''], 'number_of_repetitions': ['', ''], 'packaging': ['', ''], 'partial_pressure': ['', ''], 'temperature': ['', ''], 'relative_humidity': ['', ''], 'method': ['', ''], 'partial_pressure_difference': ['', '']}",Table 4,Table 4 . Gas permeability data of selected blown films evaluated in this study a,"['Results and discussion', 'Barrier properties', 'Steady-state gas permeation properties']",Blown films of nanocomposites prepared from low density polyethylene and a sodium ionomer of poly(ethylene-co-methacrylic acid)
141,Impact_factor_component_relation,"{'Impact_factor_component': ['', '']}","{'Component_qty_value': [['3', 'weigth percent'], 'LDPE films MMT'], 'PackNumber': [['18', 'One'], 'Film no.'], 'packnumber': ['', ''], 'packaging': ['', ''], 'component_qty_value': ['', '']}",Table 4,Table 4 . Gas permeability data of selected blown films evaluated in this study a,"['Results and discussion', 'Barrier properties', 'Steady-state gas permeation properties']",Blown films of nanocomposites prepared from low density polyethylene and a sodium ionomer of poly(ethylene-co-methacrylic acid)
142,O2 Permeability_Relation,"{'O2 Permeability': [['6.597 (0.691)', 'barrer'], 'Permeability (barrer) b O2']}","{'method': ['', ''], 'number_of_repetitions': ['', ''], 'temperature': ['', ''], 'relative_humidity': ['', ''], 'partial_pressure_difference': ['', ''], 'packaging': ['', ''], 'thickness': ['', ''], 'partial_pressure': ['', '']}",Table 4,Table 4 . Gas permeability data of selected blown films evaluated in this study a,"['Results and discussion', 'Barrier properties', 'Steady-state gas permeation properties']",Blown films of nanocomposites prepared from low density polyethylene and a sodium ionomer of poly(ethylene-co-methacrylic acid)
143,CO2 Permeability_Relation,"{'CO2 Permeability': [['28.270 (0.725)', 'barrer'], 'Permeability (barrer) b CO2']}","{'thickness': ['', ''], 'number_of_repetitions': ['', ''], 'packaging': ['', ''], 'partial_pressure': ['', ''], 'temperature': ['', ''], 'relative_humidity': ['', ''], 'method': ['', ''], 'partial_pressure_difference': ['', '']}",Table 4,Table 4 . Gas permeability data of selected blown films evaluated in this study a,"['Results and discussion', 'Barrier properties', 'Steady-state gas permeation properties']",Blown films of nanocomposites prepared from low density polyethylene and a sodium ionomer of poly(ethylene-co-methacrylic acid)
144,Impact_factor_component_relation,"{'Impact_factor_component': ['', '']}","{'Component_qty_value': [['3', 'weigth percent'], 'Ionomer films MMT'], 'PackNumber': [['36', 'One'], 'Film no.'], 'packnumber': ['', ''], 'packaging': ['', ''], 'component_qty_value': ['', '']}",Table 4,Table 4 . Gas permeability data of selected blown films evaluated in this study a,"['Results and discussion', 'Barrier properties', 'Steady-state gas permeation properties']",Blown films of nanocomposites prepared from low density polyethylene and a sodium ionomer of poly(ethylene-co-methacrylic acid)
145,O2 Permeability_Relation,"{'O2 Permeability': [['1.765 (0.597)', 'barrer'], 'Permeability (barrer) b O2']}","{'method': ['', ''], 'number_of_repetitions': ['', ''], 'temperature': ['', ''], 'relative_humidity': ['', ''], 'partial_pressure_difference': ['', ''], 'packaging': ['', ''], 'thickness': ['', ''], 'partial_pressure': ['', '']}",Table 4,Table 4 . Gas permeability data of selected blown films evaluated in this study a,"['Results and discussion', 'Barrier properties', 'Steady-state gas permeation properties']",Blown films of nanocomposites prepared from low density polyethylene and a sodium ionomer of poly(ethylene-co-methacrylic acid)
146,CO2 Permeability_Relation,"{'CO2 Permeability': [['6.645 (0.618)', 'barrer'], 'Permeability (barrer) b CO2']}","{'thickness': ['', ''], 'number_of_repetitions': ['', ''], 'packaging': ['', ''], 'partial_pressure': ['', ''], 'temperature': ['', ''], 'relative_humidity': ['', ''], 'method': ['', ''], 'partial_pressure_difference': ['', '']}",Table 4,Table 4 . Gas permeability data of selected blown films evaluated in this study a,"['Results and discussion', 'Barrier properties', 'Steady-state gas permeation properties']",Blown films of nanocomposites prepared from low density polyethylene and a sodium ionomer of poly(ethylene-co-methacrylic acid)
